<?xml version="1.0" encoding="UTF-8"?>
<rss version="2.0" xmlns:atom="http://www.w3.org/2005/Atom">
    <channel>
        <title></title>
        <description>Everything you need to install, configure, and manange Weebly Cloud</description>
        <link>http://localhost:4000/</link>
        <atom:link href="http://localhost:4000/feed.xml" rel="self" type="application/rss+xml"/>
        <pubDate>Thu, 27 Apr 2017 16:04:30 -0700</pubDate>
        <lastBuildDate>Thu, 27 Apr 2017 16:04:30 -0700</lastBuildDate>
        <generator>Jekyll v3.3.1</generator>
        
    </channel>
</rss>
